{
  "minecraft:recipes/decorations/crafting_table": {
    "criteria": {
      "unlock_right_away": "2024-05-26 21:14:27 +0000"
    },
    "done": true
  },
  "minecraft:adventure/adventuring_time": {
    "criteria": {
      "minecraft:old_growth_pine_taiga": "2024-05-26 21:15:42 +0000",
      "minecraft:taiga": "2024-05-26 21:14:29 +0000",
      "minecraft:stony_shore": "2024-05-26 21:14:37 +0000",
      "minecraft:cold_ocean": "2024-05-26 21:15:43 +0000",
      "minecraft:frozen_ocean": "2024-05-26 21:15:47 +0000"
    },
    "done": false
  },
  "DataVersion": 3465
}