{
  "minecraft:recipes/decorations/crafting_table": {
    "criteria": {
      "unlock_right_away": "2024-06-15 21:24:17 +0000"
    },
    "done": true
  },
  "minecraft:adventure/adventuring_time": {
    "criteria": {
      "minecraft:forest": "2024-06-15 21:28:38 +0000",
      "minecraft:swamp": "2024-06-15 21:29:28 +0000",
      "minecraft:plains": "2024-06-15 21:24:18 +0000"
    },
    "done": false
  },
  "pixelmon:pokedex/pokedex_trigger": {
    "criteria": {
      "pokedex_base": "2024-06-15 21:24:30 +0000"
    },
    "done": true
  },
  "DataVersion": 3578
}